description,category
Burger King order payment,Dining
KFC order payment,Dining
KFC order payment,Dining
Starbucks coffee payment,Dining
Starbucks coffee payment,Dining
Cafe latte payment,Dining
Dominos pizza payment,Dining
Subway sandwich payment,Dining
Zomato delivery payment,Dining
Dominos pizza payment,Dining
Cafe latte payment,Dining
Restaurant dinner payment,Dining
Burger King order payment,Dining
Starbucks coffee payment,Dining
McDonald's meal payment,Dining
Starbucks coffee payment,Dining
Tea stall snacks payment,Dining
KFC order payment,Dining
KFC order payment,Dining
Starbucks coffee payment,Dining
Burger King order payment,Dining
Tea stall snacks payment,Dining
McDonald's meal payment,Dining
McDonald's meal payment,Dining
Subway sandwich payment,Dining
Burger King order payment,Dining
Restaurant dinner payment,Dining
Restaurant dinner payment,Dining
Cafe latte payment,Dining
Zomato delivery payment,Dining
Subway sandwich payment,Dining
Cafe latte payment,Dining
Subway sandwich payment,Dining
McDonald's meal payment,Dining
Cafe latte payment,Dining
Subway sandwich payment,Dining
McDonald's meal payment,Dining
Subway sandwich payment,Dining
Zomato delivery payment,Dining
Subway sandwich payment,Dining
Zomato delivery payment,Dining
Subway sandwich payment,Dining
McDonald's meal payment,Dining
Burger King order payment,Dining
Restaurant dinner payment,Dining
Burger King order payment,Dining
Starbucks coffee payment,Dining
Zomato delivery payment,Dining
KFC order payment,Dining
Subway sandwich payment,Dining
Restaurant dinner payment,Dining
Burger King order payment,Dining
KFC order payment,Dining
Zomato delivery payment,Dining
Cafe latte payment,Dining
KFC order payment,Dining
Burger King order payment,Dining
Subway sandwich payment,Dining
Cafe latte payment,Dining
Dominos pizza payment,Dining
Subway sandwich payment,Dining
Cafe latte payment,Dining
KFC order payment,Dining
Starbucks coffee payment,Dining
Restaurant dinner payment,Dining
Starbucks coffee payment,Dining
Dominos pizza payment,Dining
KFC order payment,Dining
McDonald's meal payment,Dining
Burger King order payment,Dining
Burger King order payment,Dining
Zomato delivery payment,Dining
KFC order payment,Dining
Cafe latte payment,Dining
Subway sandwich payment,Dining
Dominos pizza payment,Dining
Restaurant dinner payment,Dining
KFC order payment,Dining
Restaurant dinner payment,Dining
KFC order payment,Dining
Restaurant dinner payment,Dining
Tea stall snacks payment,Dining
Subway sandwich payment,Dining
McDonald's meal payment,Dining
Zomato delivery payment,Dining
Tea stall snacks payment,Dining
Burger King order payment,Dining
Subway sandwich payment,Dining
Restaurant dinner payment,Dining
Burger King order payment,Dining
Burger King order payment,Dining
Dominos pizza payment,Dining
Starbucks coffee payment,Dining
Zomato delivery payment,Dining
Subway sandwich payment,Dining
Subway sandwich payment,Dining
Cafe latte payment,Dining
Zomato delivery payment,Dining
Restaurant dinner payment,Dining
Subway sandwich payment,Dining
Restaurant dinner payment,Dining
KFC order payment,Dining
Restaurant dinner payment,Dining
Starbucks coffee payment,Dining
Zomato delivery payment,Dining
Starbucks coffee payment,Dining
Starbucks coffee payment,Dining
Burger King order payment,Dining
Tea stall snacks payment,Dining
Starbucks coffee payment,Dining
Zomato delivery payment,Dining
Tea stall snacks payment,Dining
Zomato delivery payment,Dining
Burger King order payment,Dining
McDonald's meal payment,Dining
Burger King order payment,Dining
Burger King order payment,Dining
Subway sandwich payment,Dining
McDonald's meal payment,Dining
Tea stall snacks payment,Dining
Starbucks coffee payment,Dining
Zomato delivery payment,Dining
Subway sandwich payment,Dining
KFC order payment,Dining
Cafe latte payment,Dining
Dominos pizza payment,Dining
Subway sandwich payment,Dining
McDonald's meal payment,Dining
Starbucks coffee payment,Dining
Burger King order payment,Dining
Dominos pizza payment,Dining
KFC order payment,Dining
Burger King order payment,Dining
Restaurant dinner payment,Dining
Restaurant dinner payment,Dining
Starbucks coffee payment,Dining
Burger King order payment,Dining
Burger King order payment,Dining
KFC order payment,Dining
Zomato delivery payment,Dining
Myntra clothing payment,Shopping
Ajio footwear payment,Shopping
Decathlon gear payment,Shopping
Amazon order payment,Shopping
Flipkart purchase payment,Shopping
Nykaa skincare payment,Shopping
Ajio footwear payment,Shopping
Reliance Trends shirt payment,Shopping
Amazon order payment,Shopping
Zara apparel payment,Shopping
Nykaa skincare payment,Shopping
Zara apparel payment,Shopping
Mobile accessories payment,Shopping
Reliance Trends shirt payment,Shopping
Mobile accessories payment,Shopping
H&M shopping payment,Shopping
Flipkart purchase payment,Shopping
Mobile accessories payment,Shopping
Ajio footwear payment,Shopping
Amazon order payment,Shopping
Reliance Trends shirt payment,Shopping
Ajio footwear payment,Shopping
Amazon order payment,Shopping
Flipkart purchase payment,Shopping
Nykaa skincare payment,Shopping
Ajio footwear payment,Shopping
Decathlon gear payment,Shopping
Mobile accessories payment,Shopping
Amazon order payment,Shopping
Ajio footwear payment,Shopping
Ajio footwear payment,Shopping
Myntra clothing payment,Shopping
Reliance Trends shirt payment,Shopping
Flipkart purchase payment,Shopping
Reliance Trends shirt payment,Shopping
H&M shopping payment,Shopping
Myntra clothing payment,Shopping
Ajio footwear payment,Shopping
H&M shopping payment,Shopping
Reliance Trends shirt payment,Shopping
Flipkart purchase payment,Shopping
Decathlon gear payment,Shopping
Mobile accessories payment,Shopping
H&M shopping payment,Shopping
H&M shopping payment,Shopping
Ajio footwear payment,Shopping
Ajio footwear payment,Shopping
Zara apparel payment,Shopping
Reliance Trends shirt payment,Shopping
Nykaa skincare payment,Shopping
Zara apparel payment,Shopping
Amazon order payment,Shopping
Flipkart purchase payment,Shopping
Ajio footwear payment,Shopping
Ajio footwear payment,Shopping
Decathlon gear payment,Shopping
Decathlon gear payment,Shopping
Reliance Trends shirt payment,Shopping
Reliance Trends shirt payment,Shopping
Flipkart purchase payment,Shopping
Decathlon gear payment,Shopping
Reliance Trends shirt payment,Shopping
Reliance Trends shirt payment,Shopping
Zara apparel payment,Shopping
Decathlon gear payment,Shopping
Mobile accessories payment,Shopping
Ajio footwear payment,Shopping
Flipkart purchase payment,Shopping
H&M shopping payment,Shopping
Decathlon gear payment,Shopping
Flipkart purchase payment,Shopping
Flipkart purchase payment,Shopping
Nykaa skincare payment,Shopping
Myntra clothing payment,Shopping
Zara apparel payment,Shopping
Flipkart purchase payment,Shopping
Flipkart purchase payment,Shopping
Myntra clothing payment,Shopping
Zara apparel payment,Shopping
Flipkart purchase payment,Shopping
Myntra clothing payment,Shopping
Decathlon gear payment,Shopping
Myntra clothing payment,Shopping
H&M shopping payment,Shopping
Reliance Trends shirt payment,Shopping
Amazon order payment,Shopping
Zara apparel payment,Shopping
Nykaa skincare payment,Shopping
Reliance Trends shirt payment,Shopping
Myntra clothing payment,Shopping
Decathlon gear payment,Shopping
Ajio footwear payment,Shopping
Nykaa skincare payment,Shopping
Decathlon gear payment,Shopping
Amazon order payment,Shopping
Zara apparel payment,Shopping
H&M shopping payment,Shopping
Flipkart purchase payment,Shopping
Amazon order payment,Shopping
H&M shopping payment,Shopping
Reliance Trends shirt payment,Shopping
Ajio footwear payment,Shopping
Nykaa skincare payment,Shopping
Mobile accessories payment,Shopping
Ajio footwear payment,Shopping
Ajio footwear payment,Shopping
Decathlon gear payment,Shopping
Mobile accessories payment,Shopping
Reliance Trends shirt payment,Shopping
Reliance Trends shirt payment,Shopping
Decathlon gear payment,Shopping
Decathlon gear payment,Shopping
Zara apparel payment,Shopping
Mobile accessories payment,Shopping
Myntra clothing payment,Shopping
Zara apparel payment,Shopping
Myntra clothing payment,Shopping
Zara apparel payment,Shopping
H&M shopping payment,Shopping
Decathlon gear payment,Shopping
Ajio footwear payment,Shopping
Zara apparel payment,Shopping
Amazon order payment,Shopping
Myntra clothing payment,Shopping
Ajio footwear payment,Shopping
Zara apparel payment,Shopping
Decathlon gear payment,Shopping
Myntra clothing payment,Shopping
Mobile accessories payment,Shopping
Myntra clothing payment,Shopping
Reliance Trends shirt payment,Shopping
Zara apparel payment,Shopping
Myntra clothing payment,Shopping
Myntra clothing payment,Shopping
Myntra clothing payment,Shopping
Myntra clothing payment,Shopping
H&M shopping payment,Shopping
Flipkart purchase payment,Shopping
Amazon order payment,Shopping
Ajio footwear payment,Shopping
Home repair payment,Housing
Water bill payment,Housing
DTH recharge payment,Housing
Home cleaning service payment,Housing
Property tax payment,Housing
Water bill payment,Housing
Gas cylinder payment,Housing
Society maintenance payment,Housing
Rent payment payment,Housing
Property tax payment,Housing
Property tax payment,Housing
Water bill payment,Housing
Property tax payment,Housing
DTH recharge payment,Housing
Society maintenance payment,Housing
Water bill payment,Housing
Society maintenance payment,Housing
Home cleaning service payment,Housing
Electricity bill payment,Housing
Rent payment payment,Housing
WiFi broadband payment,Housing
DTH recharge payment,Housing
Water bill payment,Housing
DTH recharge payment,Housing
Property tax payment,Housing
Water bill payment,Housing
Rent payment payment,Housing
Society maintenance payment,Housing
Society maintenance payment,Housing
Property tax payment,Housing
Home cleaning service payment,Housing
DTH recharge payment,Housing
Home cleaning service payment,Housing
Home repair payment,Housing
Water bill payment,Housing
Home repair payment,Housing
DTH recharge payment,Housing
Property tax payment,Housing
Electricity bill payment,Housing
DTH recharge payment,Housing
Rent payment payment,Housing
Water bill payment,Housing
Society maintenance payment,Housing
Electricity bill payment,Housing
Home cleaning service payment,Housing
Rent payment payment,Housing
WiFi broadband payment,Housing
Home repair payment,Housing
Gas cylinder payment,Housing
DTH recharge payment,Housing
Property tax payment,Housing
Electricity bill payment,Housing
Property tax payment,Housing
Rent payment payment,Housing
Home repair payment,Housing
Gas cylinder payment,Housing
Home repair payment,Housing
Society maintenance payment,Housing
Gas cylinder payment,Housing
Home cleaning service payment,Housing
Gas cylinder payment,Housing
Rent payment payment,Housing
Electricity bill payment,Housing
Society maintenance payment,Housing
DTH recharge payment,Housing
Electricity bill payment,Housing
Society maintenance payment,Housing
WiFi broadband payment,Housing
Gas cylinder payment,Housing
DTH recharge payment,Housing
Property tax payment,Housing
Home repair payment,Housing
Home repair payment,Housing
Society maintenance payment,Housing
Rent payment payment,Housing
Property tax payment,Housing
WiFi broadband payment,Housing
Water bill payment,Housing
WiFi broadband payment,Housing
Property tax payment,Housing
WiFi broadband payment,Housing
Property tax payment,Housing
Rent payment payment,Housing
Home cleaning service payment,Housing
Property tax payment,Housing
Property tax payment,Housing
Home cleaning service payment,Housing
DTH recharge payment,Housing
Society maintenance payment,Housing
Electricity bill payment,Housing
Gas cylinder payment,Housing
DTH recharge payment,Housing
WiFi broadband payment,Housing
DTH recharge payment,Housing
Home cleaning service payment,Housing
Water bill payment,Housing
WiFi broadband payment,Housing
WiFi broadband payment,Housing
Water bill payment,Housing
Home repair payment,Housing
Home repair payment,Housing
Electricity bill payment,Housing
Water bill payment,Housing
Gas cylinder payment,Housing
Home cleaning service payment,Housing
DTH recharge payment,Housing
Society maintenance payment,Housing
Property tax payment,Housing
Electricity bill payment,Housing
Home repair payment,Housing
WiFi broadband payment,Housing
Electricity bill payment,Housing
Rent payment payment,Housing
WiFi broadband payment,Housing
Home cleaning service payment,Housing
WiFi broadband payment,Housing
Water bill payment,Housing
Society maintenance payment,Housing
DTH recharge payment,Housing
Home repair payment,Housing
Water bill payment,Housing
Gas cylinder payment,Housing
Water bill payment,Housing
WiFi broadband payment,Housing
Home cleaning service payment,Housing
Society maintenance payment,Housing
DTH recharge payment,Housing
Rent payment payment,Housing
Home cleaning service payment,Housing
Home repair payment,Housing
Home cleaning service payment,Housing
DTH recharge payment,Housing
Society maintenance payment,Housing
DTH recharge payment,Housing
Gas cylinder payment,Housing
Rent payment payment,Housing
Rent payment payment,Housing
Water bill payment,Housing
Home cleaning service payment,Housing
Home cleaning service payment,Housing
Fruit basket payment,Groceries
D-Mart purchase payment,Groceries
Supermarket snacks payment,Groceries
Bread purchase payment,Groceries
Fresh vegetables payment,Groceries
Fruit basket payment,Groceries
JioMart essentials payment,Groceries
BigBasket grocery payment,Groceries
D-Mart purchase payment,Groceries
Supermarket snacks payment,Groceries
Fruit basket payment,Groceries
D-Mart purchase payment,Groceries
Daily groceries payment,Groceries
Milk delivery payment,Groceries
Daily groceries payment,Groceries
Fruit basket payment,Groceries
Daily groceries payment,Groceries
Bread purchase payment,Groceries
Supermarket snacks payment,Groceries
Fruit basket payment,Groceries
D-Mart purchase payment,Groceries
Milk delivery payment,Groceries
Chicken order payment,Groceries
Daily groceries payment,Groceries
BigBasket grocery payment,Groceries
Supermarket snacks payment,Groceries
Fresh vegetables payment,Groceries
Daily groceries payment,Groceries
BigBasket grocery payment,Groceries
Fresh vegetables payment,Groceries
Milk delivery payment,Groceries
Fruit basket payment,Groceries
Fresh vegetables payment,Groceries
Milk delivery payment,Groceries
Fresh vegetables payment,Groceries
BigBasket grocery payment,Groceries
Supermarket snacks payment,Groceries
Milk delivery payment,Groceries
Bread purchase payment,Groceries
Milk delivery payment,Groceries
BigBasket grocery payment,Groceries
Supermarket snacks payment,Groceries
Supermarket snacks payment,Groceries
Chicken order payment,Groceries
D-Mart purchase payment,Groceries
Chicken order payment,Groceries
JioMart essentials payment,Groceries
Fresh vegetables payment,Groceries
D-Mart purchase payment,Groceries
Daily groceries payment,Groceries
Fresh vegetables payment,Groceries
Chicken order payment,Groceries
Milk delivery payment,Groceries
Milk delivery payment,Groceries
Supermarket snacks payment,Groceries
Supermarket snacks payment,Groceries
Milk delivery payment,Groceries
D-Mart purchase payment,Groceries
Chicken order payment,Groceries
Daily groceries payment,Groceries
Milk delivery payment,Groceries
Fresh vegetables payment,Groceries
BigBasket grocery payment,Groceries
Fresh vegetables payment,Groceries
Chicken order payment,Groceries
Supermarket snacks payment,Groceries
Milk delivery payment,Groceries
Fruit basket payment,Groceries
Bread purchase payment,Groceries
Milk delivery payment,Groceries
Fresh vegetables payment,Groceries
D-Mart purchase payment,Groceries
JioMart essentials payment,Groceries
Fresh vegetables payment,Groceries
Chicken order payment,Groceries
JioMart essentials payment,Groceries
JioMart essentials payment,Groceries
Chicken order payment,Groceries
Daily groceries payment,Groceries
Chicken order payment,Groceries
Chicken order payment,Groceries
Chicken order payment,Groceries
D-Mart purchase payment,Groceries
Bread purchase payment,Groceries
Fruit basket payment,Groceries
D-Mart purchase payment,Groceries
D-Mart purchase payment,Groceries
Fresh vegetables payment,Groceries
BigBasket grocery payment,Groceries
Fruit basket payment,Groceries
Milk delivery payment,Groceries
Supermarket snacks payment,Groceries
Milk delivery payment,Groceries
Fresh vegetables payment,Groceries
Fruit basket payment,Groceries
Daily groceries payment,Groceries
Chicken order payment,Groceries
Milk delivery payment,Groceries
Fresh vegetables payment,Groceries
Supermarket snacks payment,Groceries
BigBasket grocery payment,Groceries
D-Mart purchase payment,Groceries
JioMart essentials payment,Groceries
Fresh vegetables payment,Groceries
Fresh vegetables payment,Groceries
JioMart essentials payment,Groceries
Supermarket snacks payment,Groceries
Fresh vegetables payment,Groceries
JioMart essentials payment,Groceries
Fresh vegetables payment,Groceries
D-Mart purchase payment,Groceries
Bread purchase payment,Groceries
D-Mart purchase payment,Groceries
D-Mart purchase payment,Groceries
BigBasket grocery payment,Groceries
Fruit basket payment,Groceries
Bread purchase payment,Groceries
BigBasket grocery payment,Groceries
JioMart essentials payment,Groceries
D-Mart purchase payment,Groceries
BigBasket grocery payment,Groceries
Chicken order payment,Groceries
Daily groceries payment,Groceries
BigBasket grocery payment,Groceries
Fruit basket payment,Groceries
D-Mart purchase payment,Groceries
Supermarket snacks payment,Groceries
BigBasket grocery payment,Groceries
D-Mart purchase payment,Groceries
Supermarket snacks payment,Groceries
BigBasket grocery payment,Groceries
D-Mart purchase payment,Groceries
D-Mart purchase payment,Groceries
Daily groceries payment,Groceries
JioMart essentials payment,Groceries
Daily groceries payment,Groceries
JioMart essentials payment,Groceries
Fresh vegetables payment,Groceries
Milk delivery payment,Groceries
BigBasket grocery payment,Groceries
Spotify premium payment,Entertainment
Game top-up payment,Entertainment
PVR cinema payment,Entertainment
Book purchase payment,Entertainment
Concert ticket payment,Entertainment
Concert ticket payment,Entertainment
Game top-up payment,Entertainment
Theme park entry payment,Entertainment
Book purchase payment,Entertainment
YouTube rental payment,Entertainment
Theme park entry payment,Entertainment
Book purchase payment,Entertainment
Spotify premium payment,Entertainment
Spotify premium payment,Entertainment
Book purchase payment,Entertainment
Movie ticket payment,Entertainment
Theme park entry payment,Entertainment
YouTube rental payment,Entertainment
YouTube rental payment,Entertainment
PVR cinema payment,Entertainment
Game top-up payment,Entertainment
Theme park entry payment,Entertainment
Movie ticket payment,Entertainment
Spotify premium payment,Entertainment
YouTube rental payment,Entertainment
Theme park entry payment,Entertainment
Arcade gaming payment,Entertainment
Concert ticket payment,Entertainment
Book purchase payment,Entertainment
Game top-up payment,Entertainment
Arcade gaming payment,Entertainment
Spotify premium payment,Entertainment
Game top-up payment,Entertainment
Concert ticket payment,Entertainment
OTT subscription payment,Entertainment
OTT subscription payment,Entertainment
YouTube rental payment,Entertainment
Theme park entry payment,Entertainment
YouTube rental payment,Entertainment
OTT subscription payment,Entertainment
Spotify premium payment,Entertainment
Concert ticket payment,Entertainment
Spotify premium payment,Entertainment
Arcade gaming payment,Entertainment
Spotify premium payment,Entertainment
Theme park entry payment,Entertainment
Game top-up payment,Entertainment
Arcade gaming payment,Entertainment
Concert ticket payment,Entertainment
PVR cinema payment,Entertainment
Theme park entry payment,Entertainment
Movie ticket payment,Entertainment
Spotify premium payment,Entertainment
Concert ticket payment,Entertainment
Arcade gaming payment,Entertainment
Spotify premium payment,Entertainment
OTT subscription payment,Entertainment
PVR cinema payment,Entertainment
Arcade gaming payment,Entertainment
Book purchase payment,Entertainment
PVR cinema payment,Entertainment
Arcade gaming payment,Entertainment
YouTube rental payment,Entertainment
Theme park entry payment,Entertainment
OTT subscription payment,Entertainment
PVR cinema payment,Entertainment
OTT subscription payment,Entertainment
YouTube rental payment,Entertainment
Spotify premium payment,Entertainment
Arcade gaming payment,Entertainment
Concert ticket payment,Entertainment
Game top-up payment,Entertainment
Movie ticket payment,Entertainment
Arcade gaming payment,Entertainment
Spotify premium payment,Entertainment
OTT subscription payment,Entertainment
Arcade gaming payment,Entertainment
Theme park entry payment,Entertainment
Spotify premium payment,Entertainment
Spotify premium payment,Entertainment
Game top-up payment,Entertainment
OTT subscription payment,Entertainment
OTT subscription payment,Entertainment
Book purchase payment,Entertainment
Spotify premium payment,Entertainment
Game top-up payment,Entertainment
Spotify premium payment,Entertainment
Concert ticket payment,Entertainment
YouTube rental payment,Entertainment
Concert ticket payment,Entertainment
YouTube rental payment,Entertainment
Book purchase payment,Entertainment
OTT subscription payment,Entertainment
Spotify premium payment,Entertainment
YouTube rental payment,Entertainment
OTT subscription payment,Entertainment
Arcade gaming payment,Entertainment
PVR cinema payment,Entertainment
Book purchase payment,Entertainment
Book purchase payment,Entertainment
PVR cinema payment,Entertainment
OTT subscription payment,Entertainment
Concert ticket payment,Entertainment
Arcade gaming payment,Entertainment
Book purchase payment,Entertainment
OTT subscription payment,Entertainment
Arcade gaming payment,Entertainment
Theme park entry payment,Entertainment
PVR cinema payment,Entertainment
Game top-up payment,Entertainment
Arcade gaming payment,Entertainment
Spotify premium payment,Entertainment
Spotify premium payment,Entertainment
PVR cinema payment,Entertainment
Arcade gaming payment,Entertainment
Arcade gaming payment,Entertainment
YouTube rental payment,Entertainment
Game top-up payment,Entertainment
Movie ticket payment,Entertainment
Spotify premium payment,Entertainment
Movie ticket payment,Entertainment
Spotify premium payment,Entertainment
Arcade gaming payment,Entertainment
Movie ticket payment,Entertainment
Game top-up payment,Entertainment
OTT subscription payment,Entertainment
Book purchase payment,Entertainment
Concert ticket payment,Entertainment
Game top-up payment,Entertainment
PVR cinema payment,Entertainment
Book purchase payment,Entertainment
Book purchase payment,Entertainment
Spotify premium payment,Entertainment
Spotify premium payment,Entertainment
Theme park entry payment,Entertainment
Arcade gaming payment,Entertainment
Arcade gaming payment,Entertainment
YouTube rental payment,Entertainment
PVR cinema payment,Entertainment
Arcade gaming payment,Entertainment
Petrol pump payment,Travel
Airport taxi payment,Travel
Bus reservation payment,Travel
Airport taxi payment,Travel
Cab fare payment,Travel
Airport taxi payment,Travel
Airport taxi payment,Travel
Uber ride payment,Travel
Uber ride payment,Travel
Highway toll payment,Travel
Ola auto payment,Travel
Highway toll payment,Travel
Petrol pump payment,Travel
Cab fare payment,Travel
Highway toll payment,Travel
Petrol pump payment,Travel
Petrol pump payment,Travel
Uber ride payment,Travel
Uber ride payment,Travel
Flight booking payment,Travel
Airport taxi payment,Travel
Bus reservation payment,Travel
Flight booking payment,Travel
Petrol pump payment,Travel
Highway toll payment,Travel
Flight booking payment,Travel
Bus reservation payment,Travel
Highway toll payment,Travel
Petrol pump payment,Travel
Ola auto payment,Travel
Travel insurance payment,Travel
Petrol pump payment,Travel
Airport taxi payment,Travel
Airport taxi payment,Travel
Travel insurance payment,Travel
Petrol pump payment,Travel
Petrol pump payment,Travel
Airport taxi payment,Travel
Flight booking payment,Travel
Airport taxi payment,Travel
Uber ride payment,Travel
Highway toll payment,Travel
Bus reservation payment,Travel
Petrol pump payment,Travel
Travel insurance payment,Travel
Highway toll payment,Travel
Travel insurance payment,Travel
Cab fare payment,Travel
Bus reservation payment,Travel
Cab fare payment,Travel
Uber ride payment,Travel
Uber ride payment,Travel
Travel insurance payment,Travel
Uber ride payment,Travel
Flight booking payment,Travel
Cab fare payment,Travel
Cab fare payment,Travel
Travel insurance payment,Travel
Uber ride payment,Travel
Cab fare payment,Travel
Highway toll payment,Travel
Ola auto payment,Travel
Highway toll payment,Travel
Cab fare payment,Travel
Cab fare payment,Travel
Highway toll payment,Travel
Cab fare payment,Travel
Uber ride payment,Travel
Train ticket payment,Travel
Train ticket payment,Travel
Train ticket payment,Travel
Bus reservation payment,Travel
Travel insurance payment,Travel
Ola auto payment,Travel
Ola auto payment,Travel
Bus reservation payment,Travel
Ola auto payment,Travel
Cab fare payment,Travel
Flight booking payment,Travel
Uber ride payment,Travel
Airport taxi payment,Travel
Cab fare payment,Travel
Uber ride payment,Travel
Petrol pump payment,Travel
Highway toll payment,Travel
Travel insurance payment,Travel
Airport taxi payment,Travel
Highway toll payment,Travel
Bus reservation payment,Travel
Uber ride payment,Travel
Petrol pump payment,Travel
Travel insurance payment,Travel
Uber ride payment,Travel
Cab fare payment,Travel
Highway toll payment,Travel
Travel insurance payment,Travel
Highway toll payment,Travel
Cab fare payment,Travel
Travel insurance payment,Travel
Ola auto payment,Travel
Petrol pump payment,Travel
Ola auto payment,Travel
Train ticket payment,Travel
Cab fare payment,Travel
Petrol pump payment,Travel
Airport taxi payment,Travel
Cab fare payment,Travel
Flight booking payment,Travel
Travel insurance payment,Travel
Bus reservation payment,Travel
Cab fare payment,Travel
Highway toll payment,Travel
Train ticket payment,Travel
Petrol pump payment,Travel
Ola auto payment,Travel
Airport taxi payment,Travel
Train ticket payment,Travel
Bus reservation payment,Travel
Bus reservation payment,Travel
Uber ride payment,Travel
Bus reservation payment,Travel
Travel insurance payment,Travel
Highway toll payment,Travel
Train ticket payment,Travel
Travel insurance payment,Travel
Ola auto payment,Travel
Travel insurance payment,Travel
Ola auto payment,Travel
Travel insurance payment,Travel
Cab fare payment,Travel
Bus reservation payment,Travel
Ola auto payment,Travel
Travel insurance payment,Travel
Airport taxi payment,Travel
Petrol pump payment,Travel
Highway toll payment,Travel
Train ticket payment,Travel
Cab fare payment,Travel
Ola auto payment,Travel
Bus reservation payment,Travel
VPN subscription payment,Subscriptions
Canva Pro payment,Subscriptions
Microsoft Office 365 payment,Subscriptions
VPN subscription payment,Subscriptions
Notion yearly plan payment,Subscriptions
Google One storage payment,Subscriptions
Microsoft Office 365 payment,Subscriptions
Microsoft Office 365 payment,Subscriptions
Canva Pro payment,Subscriptions
Cloud backup plan payment,Subscriptions
VPN subscription payment,Subscriptions
Adobe Creative Cloud payment,Subscriptions
VPN subscription payment,Subscriptions
Amazon Prime payment,Subscriptions
Netflix monthly payment,Subscriptions
VPN subscription payment,Subscriptions
Amazon Prime payment,Subscriptions
Cloud backup plan payment,Subscriptions
Adobe Creative Cloud payment,Subscriptions
Google One storage payment,Subscriptions
Adobe Creative Cloud payment,Subscriptions
Canva Pro payment,Subscriptions
VPN subscription payment,Subscriptions
Cloud backup plan payment,Subscriptions
Microsoft Office 365 payment,Subscriptions
Cloud backup plan payment,Subscriptions
Netflix monthly payment,Subscriptions
VPN subscription payment,Subscriptions
Google One storage payment,Subscriptions
Notion yearly plan payment,Subscriptions
Adobe Creative Cloud payment,Subscriptions
Amazon Prime payment,Subscriptions
Google One storage payment,Subscriptions
Amazon Prime payment,Subscriptions
Canva Pro payment,Subscriptions
Microsoft Office 365 payment,Subscriptions
Microsoft Office 365 payment,Subscriptions
Notion yearly plan payment,Subscriptions
Hotstar plan payment,Subscriptions
Google One storage payment,Subscriptions
Microsoft Office 365 payment,Subscriptions
Canva Pro payment,Subscriptions
Canva Pro payment,Subscriptions
Amazon Prime payment,Subscriptions
Canva Pro payment,Subscriptions
Cloud backup plan payment,Subscriptions
Google One storage payment,Subscriptions
Microsoft Office 365 payment,Subscriptions
Google One storage payment,Subscriptions
Hotstar plan payment,Subscriptions
Amazon Prime payment,Subscriptions
Google One storage payment,Subscriptions
Netflix monthly payment,Subscriptions
Google One storage payment,Subscriptions
Canva Pro payment,Subscriptions
Adobe Creative Cloud payment,Subscriptions
Adobe Creative Cloud payment,Subscriptions
VPN subscription payment,Subscriptions
Microsoft Office 365 payment,Subscriptions
Microsoft Office 365 payment,Subscriptions
Netflix monthly payment,Subscriptions
Google One storage payment,Subscriptions
Amazon Prime payment,Subscriptions
Canva Pro payment,Subscriptions
Amazon Prime payment,Subscriptions
Netflix monthly payment,Subscriptions
Canva Pro payment,Subscriptions
Canva Pro payment,Subscriptions
VPN subscription payment,Subscriptions
Amazon Prime payment,Subscriptions
Netflix monthly payment,Subscriptions
Adobe Creative Cloud payment,Subscriptions
Netflix monthly payment,Subscriptions
Netflix monthly payment,Subscriptions
Hotstar plan payment,Subscriptions
Notion yearly plan payment,Subscriptions
Cloud backup plan payment,Subscriptions
Canva Pro payment,Subscriptions
Hotstar plan payment,Subscriptions
Microsoft Office 365 payment,Subscriptions
Notion yearly plan payment,Subscriptions
Hotstar plan payment,Subscriptions
Microsoft Office 365 payment,Subscriptions
Amazon Prime payment,Subscriptions
Google One storage payment,Subscriptions
Hotstar plan payment,Subscriptions
Cloud backup plan payment,Subscriptions
VPN subscription payment,Subscriptions
Hotstar plan payment,Subscriptions
VPN subscription payment,Subscriptions
Cloud backup plan payment,Subscriptions
VPN subscription payment,Subscriptions
Canva Pro payment,Subscriptions
Adobe Creative Cloud payment,Subscriptions
Hotstar plan payment,Subscriptions
Google One storage payment,Subscriptions
Cloud backup plan payment,Subscriptions
Hotstar plan payment,Subscriptions
Notion yearly plan payment,Subscriptions
Notion yearly plan payment,Subscriptions
Cloud backup plan payment,Subscriptions
Microsoft Office 365 payment,Subscriptions
Google One storage payment,Subscriptions
Microsoft Office 365 payment,Subscriptions
Google One storage payment,Subscriptions
Amazon Prime payment,Subscriptions
Hotstar plan payment,Subscriptions
Amazon Prime payment,Subscriptions
Google One storage payment,Subscriptions
Canva Pro payment,Subscriptions
Adobe Creative Cloud payment,Subscriptions
Microsoft Office 365 payment,Subscriptions
Canva Pro payment,Subscriptions
Cloud backup plan payment,Subscriptions
Netflix monthly payment,Subscriptions
Adobe Creative Cloud payment,Subscriptions
VPN subscription payment,Subscriptions
Notion yearly plan payment,Subscriptions
Hotstar plan payment,Subscriptions
Notion yearly plan payment,Subscriptions
VPN subscription payment,Subscriptions
Microsoft Office 365 payment,Subscriptions
Adobe Creative Cloud payment,Subscriptions
Google One storage payment,Subscriptions
Canva Pro payment,Subscriptions
Amazon Prime payment,Subscriptions
Notion yearly plan payment,Subscriptions
Adobe Creative Cloud payment,Subscriptions
Notion yearly plan payment,Subscriptions
Canva Pro payment,Subscriptions
Netflix monthly payment,Subscriptions
Cloud backup plan payment,Subscriptions
Netflix monthly payment,Subscriptions
Netflix monthly payment,Subscriptions
Google One storage payment,Subscriptions
Canva Pro payment,Subscriptions
VPN subscription payment,Subscriptions
Microsoft Office 365 payment,Subscriptions
Canva Pro payment,Subscriptions
Notion yearly plan payment,Subscriptions
Dominos pizza order,Dining
bought 2 pizzas from dominos,Dining
ordered pizza frm dominoz,Dining
pizza party payment,Dining
Dominos dinner bill,Dining
swiggy food order,Dining
swiggy lunch delivered,Dining
swiggy se biryani mangaya,Dining
zomato food delivery,Dining
zomato pe dinner order kiya,Dining
ordered burger from mcd,Dining
mcdonalds fries order,Dining
mcd breakfast meal payment,Dining
burger king whopper order,Dining
kfc chicken bucket bill,Dining
coffee at CCD,Dining
cafe coffee day latte,Dining
coffee + sandwich CCD,Dining
chai point tea payment,Dining
ordered momos from wow momos,Dining
wow momo lunch,Dining
street food stall payment,Dining
dinner at restaurant near me,Dining
bill for lunch with friends,Dining
snacks from local bakery,Dining
paid for dosa corner,Dining
biryani from paradise,Dining
ordered pasta on swiggy,Dining
night cravings order swiggy,Dining
food court lunch payment,Dining
canteen food bill,Dining
office canteen snacks,Dining
ordered rolls from eatfit,Dining
eatfit healthy bowl payment,Dining
faasos wrap order,Dining
faasos lunch delivered,Dining
chaayos tea bill,Dining
chaayos bun maska payment,Dining
hungerbox payment,Dining
breakfast idli vada,Dining
street chai tapri,Dining
pizza hut delivery,Dining
pizza hut garlic bread,Dining
ordered taco from taco bell,Dining
taco bell order,Dining
gupshup cafe tea,Dining
CCD cold coffee,Dining
little bites sandwich,Dining
outdoor dinner payment,Dining
midnight maggi at cafe,Dining
paratha shop payment,Dining
bought burger + coke,Dining
lunch thali from nearby shop,Dining
UPI to food vendor,Dining
canteen coffee,Dining
breakfast combo mcd,Dining
pani puri stall food,Dining
puchka stall bill,Dining
chaat center payment,Dining
street momos stall,Dining
egg roll cart payment,Dining
local dhaba dinner,Dining
dhaba daal roti bill,Dining
hotel breakfast buffet,Dining
subway sandwich order,Dining
subway footlong bill,Dining
starbucks iced latte,Dining
starbucks sandwich combo,Dining
starbucks coffee bill,Dining
brownie + coffee payment,Dining
waffle house order,Dining
waffle from belgian waffle,Dining
ice cream corner payment,Dining
baskin robbins ice cream,Dining
amul ice cream cone,Dining
kulfi shop payment,Dining
cafe mocha order,Dining
breakfast oats bowl eatfit,Dining
ordered falafel roll,Dining
thai food delivery,Dining
noodles from chinese van,Dining
chinese corner food,Dining
momo king order,Dining
frozen dessert order,Dining
sugarcane juice payment,Dining
milkshake cafe bill,Dining
bought tshirt from myntra,Shopping
myntra sale order,Shopping
ajio footwear purchase,Shopping
ajio sneakers buy,Shopping
flipkart jeans order,Shopping
ordered new shoes online,Shopping
bought hoodie from ajio,Shopping
amazon phone cover,Shopping
amazon headphones order,Shopping
flipkart kurta buy,Shopping
nykaa skincare payment,Shopping
ordered lipstick nykaa,Shopping
decathlon leggings purchase,Shopping
shopping mall bill,Shopping
lifestyle store shirt buy,Shopping
pantaloons trouser order,Shopping
reliance trends tshirt,Shopping
zara hoodie payment,Shopping
zara sale shopping,Shopping
H&M shirt order,Shopping
hm jeans purchase,Shopping
bought belt from mall,Shopping
watch purchase titan,Shopping
bought perfume from lifestyle,Shopping
earpods from amazon,Shopping
flipkart bluetooth speaker,Shopping
ajio men jacket,Shopping
paytm mall kurti order,Shopping
meesho kurti buy,Shopping
meesho bedsheet purchase,Shopping
ikea household items,Shopping
ikea decor shopping,Shopping
bought casual shoes woodland,Shopping
wallet purchase on flipkart,Shopping
sport shoes nike sale,Shopping
reebok tshirt buy,Shopping
shopping for birthday gift,Shopping
bought handbag from myntra,Shopping
nykaa hair serum,Shopping
ordered phone case flipkart,Shopping
bluetooth mouse amazon,Shopping
bought charger from store,Shopping
kurta from fabindia,Shopping
fabindia shopping bill,Shopping
purchased sunglasses,Shopping
local shop shirt bill,Shopping
trousers tailoring payment,Shopping
bought jeans from max,Shopping
max fashion bill,Shopping
bought pillows online,Shopping
bedsheet homecenter,Shopping
ordered smartwatch amazon,Shopping
purchased headphones boat,Shopping
bought new phone stand,Shopping
flipkart daily deals purchase,Shopping
shopping small gifts,Shopping
lotus cream purchase,Shopping
home decor amazon,Shopping
myntra footwear sale purchase,Shopping
bought heels from ajio,Shopping
fashion street shopping,Shopping
bought tshirt roadside stall,Shopping
local shop sunglasses buy,Shopping
bag bought from amazon,Shopping
kids toys shopping,Shopping
bought toy gun,Shopping
stationery pens order,Shopping
mobile screen guard,Shopping
printer ink purchase,Shopping
gym gloves amazon,Shopping
phone tripod order,Shopping
watch strap amazon,Shopping
diwali lights shopping,Shopping
festival decor purchase,Shopping
bought milk from store,Grocery
paneer and curd purchase,Grocery
veggies from sabji market,Grocery
sabji mandi shopping,Grocery
bought tomatoes potatoes,Grocery
daily groceries payment,Grocery
bigbasket order placed,Grocery
bigbasket fruits order,Grocery
blinkit express delivery,Grocery
blinkit grocery quick order,Grocery
milk bread eggs purchased,Grocery
bread butter from shop,Grocery
kirana store payment,Grocery
monthly ration items,Grocery
bought rice and dal,Grocery
atta wala purchase,Grocery
grocery mart bill,Grocery
bought snacks from store,Grocery
cornflakes from supermarket,Grocery
oil and ghee purchase,Grocery
sugar flour buy,Grocery
bought bananas apples,Grocery
fruit shop bill,Grocery
vegetable delivery blinkit,Grocery
ordered biscuits grocery,Grocery
local kirana items buy,Grocery
UPI to sabji wala,Grocery
bought onions and garlic,Grocery
milk subscription payment,Grocery
tea and sugar purchase,Grocery
maggi and bread bought,Grocery
noodles chips buy,Grocery
bought detergent powder,Grocery
soap shampoo mart,Grocery
ration store bill,Grocery
kirana monthly purchase,Grocery
parle g biscuit order,Grocery
cold drink from store,Grocery
snacks corner buy,Grocery
grocery store near me bill,Grocery
bought dal chawal,Grocery
bought spices masala,Grocery
bought instant noodles,Grocery
paneer tikka masala packet,Grocery
juice bottle purchased,Grocery
amul butter shop bill,Grocery
samosa patties buy,Grocery
egg tray purchase,Grocery
cold storage veggies,Grocery
onion potatoes 2kg,Grocery
milk booth payment,Grocery
star bazaar groceries,Grocery
more supermarket bill,Grocery
easyday mart shopping,Grocery
grocery home delivery,Grocery
ration purchase,Grocery
uber ride payment,Travel
ola cab ride,Travel
ola auto fare,Travel
uber moto ride,Travel
cab to office,Travel
uber to airport,Travel
flight ticket booking,Travel
indigo flight payment,Travel
train ticket IRCTC,Travel
local train recharge,Travel
metro card recharge,Travel
petrol pump refuel,Travel
diesel filling payment,Travel
bike petrol 300rs,Travel
toll plaza payment,Travel
bus ticket booking,Travel
redbus payment,Travel
travel expense cab,Travel
rickshaw fare payment,Travel
auto ride payment,Travel
intercity travel bus,Travel
fuel station bill,Travel
highway toll UPI,Travel
cab ride office return,Travel
trip taxi fare,Travel
airport shuttle bus,Travel
ola outstation ride,Travel
parking fees,Travel
bike servicing travel,Travel
flight baggage fees,Travel
train platform ticket,Travel
monthly metro pass,Travel
ola share ride,Travel
uber pool ride,Travel
petrol bunk payment,Travel
refilled petrol today,Travel
travelled to mall taxi,Travel
uber cab late night,Travel
diesel top-up payment,Travel
electricity bill payment,Bills
paid light bill today,Bills
water bill online,Bills
gas cylinder booking,Bills
internet wifi bill,Bills
jio fiber recharge,Bills
airtel broadband payment,Bills
mobile recharge jio,Bills
vodafone topup,Bills
postpaid bill payment,Bills
dth recharge tata sky,Bills
rent payment this month,Bills
house rent transferred,Bills
maintenance bill,Bills
society charges,Bills
gas pipeline bill,Bills
wifi router plan renewal,Bills
electricity due payment,Bills
phone bill settlement,Bills
broadband monthly fees,Bills
movie tickets bookmyshow,Entertainment
BMS movie booking,Entertainment
netflix monthly plan,Entertainment
spotify subscription,Entertainment
amazon prime renew,Entertainment
gaming topup BGMI,Entertainment
ps5 game purchase,Entertainment
cinema popcorn bill,Entertainment
watched movie at PVR,Entertainment
PVR tickets payment,Entertainment
booked standup comedy show,Entertainment
concert ticket booking,Entertainment
doctor consultation fee,Health
clinic visit payment,Health
chemist shop medicines,Health
pharmacy bill,Health
bought crocin tablet,Health
covid test payment,Health
health checkup lab bill,Health
eye test done,Health
dental cleaning payment,Health
protein supplement buy,Health
gym membership payment,Health
gym monthly fee,Health
physiotherapy session,Health
flight to bali,Travel
hotel booking bali,Travel
went for vacation,Travel
booked cab for airport,Travel
flight to delhi,Travel
train ticket to mumbai,Travel
bus to goa,Travel
booked uber to airport,Travel
flight to singapore,Travel
holiday trip to thailand,Travel
vacation in manali,Travel
booked flight for vacation,Travel
travelled to bali,Travel
trip to bali,Travel
booked airline ticket,Travel
booked ola for station,Travel
booked flight for business trip,Travel
booked hotel for vacation,Travel
booked airbnb for trip,Travel
booked cab for trip,Travel
paid electricity bill online,Bills
settled water bill for apartment,Bills
monthly gas bill payment,Bills
paid broadband internet bill,Bills
recharged mobile phone,Bills
paid DTH recharge,Bills
paid rent for flat,Bills
paid society maintenance charges,Bills
paid property tax,Bills
paid postpaid phone bill,Bills
paid cable TV bill,Bills
paid LPG cylinder bill,Bills
paid landline bill,Bills
paid insurance premium,Bills
paid EMI for loan,Bills
paid credit card bill,Bills
paid municipal taxes,Bills
paid garbage collection fee,Bills
paid water tanker bill,Bills
paid electricity reconnection fee,Bills
doctor visit for fever,Health
pharmacy purchase for medicines,Health
annual health checkup payment,Health
paid for blood test,Health
paid for X-ray scan,Health
paid for dental filling,Health
paid for eye checkup,Health
paid for physiotherapy session,Health
paid for vaccination,Health
paid for hospital admission,Health
paid for surgery consultation,Health
paid for health insurance,Health
paid for dietician consultation,Health
paid for mental health therapy,Health
paid for gym membership,Health
paid for yoga class,Health
paid for protein supplements,Health
paid for fitness tracker,Health
paid for hearing aid,Health
paid for wheelchair rental,Health
bought vegetables from market,Grocery
bought fruits from local vendor,Grocery
bought milk and eggs,Grocery
bought bread and butter,Grocery
bought rice and pulses,Grocery
bought flour and sugar,Grocery
bought snacks and biscuits,Grocery
bought tea and coffee,Grocery
bought oil and ghee,Grocery
bought spices and condiments,Grocery
bought frozen food items,Grocery
bought soft drinks,Grocery
bought breakfast cereals,Grocery
bought cheese and paneer,Grocery
bought chocolates and sweets,Grocery
bought instant noodles,Grocery
bought cleaning supplies,Grocery
bought soap and shampoo,Grocery
bought toothpaste and brush,Grocery
bought kitchen towels,Grocery
movie night at PVR,Entertainment
watched movie on Netflix,Entertainment
attended live concert,Entertainment
booked standup comedy show,Entertainment
subscribed to Spotify,Entertainment
subscribed to Amazon Prime,Entertainment
subscribed to Hotstar,Entertainment
booked theme park tickets,Entertainment
booked escape room,Entertainment
played arcade games,Entertainment
attended art exhibition,Entertainment
attended dance performance,Entertainment
attended music festival,Entertainment
attended theatre play,Entertainment
booked bowling alley,Entertainment
booked karaoke night,Entertainment
booked trampoline park,Entertainment
booked VR gaming session,Entertainment
booked paintball game,Entertainment
booked laser tag,Entertainment